225137144,16/08/2017,2263.69
203085935,20/03/2017,1519.79
161994665,27/10/2017,163.76
557881681,11/12/2017,481.28
623029452,26/03/2017,313.39
887266478,22/11/2017,435.84
481274889,21/07/2017,50.83
373633650,16/12/2017,1527.31
272299473,03/05/2017,2904.89
457951556,02/10/2017,723.23
523645373,03/09/2017,644.34
809365020,22/06/2017,422.91
288608909,25/03/2017,942.48
513645965,07/06/2017,250.8
854636241,06/09/2017,2732.95
585216290,14/02/2018,2955
847824314,18/08/2017,473.2
485978392,13/09/2017,1710.64
791873833,12/06/2017,371.54
231054185,08/04/2017,1688.17
809365020,01/06/2017,2466.69
523645373,21/04/2017,2910.93
557881681,01/08/2017,2243.54
585216290,18/06/2017,1821
481274889,14/04/2017,102.24
623029452,15/09/2017,2615.41
847824314,07/01/2018,187.12
809365020,12/11/2017,231.36
373633650,17/02/2018,1107.1
231054185,18/05/2017,2517.2
523645373,03/02/2018,1155.37
809365020,23/04/2017,719.29
623029452,30/11/2017,417.69
161994665,23/09/2017,1109.65
373633650,27/10/2017,2942.64
288608909,26/01/2018,2141.43
288608909,01/06/2017,2181.14
854636241,03/05/2017,1556.89
847824314,22/06/2017,941.44
288608909,04/10/2017,1532.98
225137144,19/07/2017,227.03
225137144,29/04/2017,2680.72
854636241,21/02/2018,365.03
272299473,24/04/2017,856.29
585216290,10/02/2018,2640.71
203085935,02/09/2017,2632.8
457951556,06/11/2017,1709.49
457951556,08/02/2018,2145.34
485978392,05/04/2017,2697.5
791873833,05/04/2017,2605.28
791873833,29/10/2017,779.56
585216290,09/02/2018,1270.31
373633650,08/03/2018,639.85
791873833,07/01/2018,1473.28
887266478,25/08/2017,1118.18
791873833,27/02/2018,2886.58
623029452,09/02/2018,2997.83
231054185,23/06/2017,1281.52
809365020,24/06/2017,2509.67
481274889,06/12/2017,1938.48
481274889,07/08/2017,1082.42
887266478,27/06/2017,756.3
231054185,06/06/2017,2457.48
585216290,25/05/2017,2834.27
231054185,16/02/2018,215.42
485978392,13/09/2017,571.13
272299473,07/12/2017,2844.9
481274889,28/10/2017,2352.67
513645965,25/10/2017,2543.21
809365020,21/02/2018,2642.22
485978392,14/03/2018,315.91
887266478,04/09/2017,823.2
485978392,12/05/2017,564.73
272299473,29/06/2017,259.75
513645965,05/11/2017,1785.84
513645965,12/08/2017,2369.85
485978392,31/07/2017,394.82
585216290,23/04/2017,2523.55
457951556,28/07/2017,1489.24
288608909,11/10/2017,2732.71
887266478,12/12/2017,2119.7
203085935,28/05/2017,2417.76
457951556,08/01/2018,1207.48
161994665,02/08/2017,1684.41
887266478,04/10/2017,2574.46
272299473,01/06/2017,608.11
457951556,21/02/2018,489.79
203085935,30/12/2017,2675.4
513645965,17/02/2018,1715.76
623029452,25/08/2017,651.75
523645373,02/08/2017,1107.66
887266478,14/02/2018,2106.1
887266478,30/08/2017,1865.7
481274889,01/02/2018,1601.3
523645373,06/10/2017,1638.83
854636241,12/04/2017,507.4
847824314,12/09/2017,2234.14
231054185,05/04/2017,624.74
272299473,07/08/2017,2704.68
791873833,23/03/2017,2956.31
854636241,20/02/2018,671.41
623029452,15/06/2017,1911.51
485978392,05/05/2017,608.59
513645965,30/09/2017,282.58
557881681,18/10/2017,2960.29
887266478,14/09/2017,2377.07
523645373,25/06/2017,1841.03
623029452,15/07/2017,1406.97
585216290,03/03/2018,963.66
887266478,03/07/2017,363.69
513645965,29/06/2017,455.59
203085935,05/03/2018,1121.08
373633650,08/12/2017,2620.86
457951556,03/06/2017,2131.66
887266478,16/02/2018,819.42
485978392,28/09/2017,2654.16
854636241,30/09/2017,2941.3
485978392,17/08/2017,1103.74
585216290,01/03/2018,2692.62
585216290,18/09/2017,2151.82
203085935,15/12/2017,2804.84
791873833,30/01/2018,2531.79
225137144,25/01/2018,981.33
161994665,17/10/2017,1474.46
485978392,05/12/2017,223.2
231054185,23/12/2017,107.01
513645965,26/02/2018,213.84
231054185,28/02/2018,2611.69
623029452,18/06/2017,2838.7
231054185,09/08/2017,2175.23
523645373,02/09/2017,1803.02
854636241,12/09/2017,2789.96
373633650,26/07/2017,818.71
272299473,12/03/2018,2511.19
854636241,09/02/2018,2243.6
809365020,06/01/2018,148.45
225137144,11/08/2017,2054.91
272299473,08/10/2017,855.63
847824314,18/09/2017,2793.54
557881681,22/03/2017,2704.24
523645373,27/03/2017,648.05
585216290,30/10/2017,796.91
513645965,26/01/2018,1771.56
161994665,24/09/2017,1398.1
854636241,16/02/2018,1092.24
481274889,13/08/2017,1547.04
585216290,15/06/2017,2752.14
623029452,06/10/2017,1319.26
203085935,24/03/2017,1582.14
161994665,27/01/2018,1528.8
513645965,17/10/2017,1617.47
373633650,05/03/2018,629.73
225137144,05/01/2018,1011.37
623029452,05/03/2018,2816.25
288608909,01/05/2017,740.77
523645373,27/11/2017,1117.11
523645373,17/03/2018,2426.65
791873833,24/03/2017,2841.36
457951556,01/07/2017,93.34
523645373,09/04/2017,2691.04
847824314,01/09/2017,703.38
847824314,01/02/2018,1134.26
272299473,19/06/2017,2648.08
557881681,04/04/2017,2695.83
481274889,24/05/2017,2983.81
809365020,29/05/2017,438.44
557881681,20/04/2017,1185.84
481274889,10/03/2018,1649.49
288608909,22/10/2017,762.98
485978392,12/06/2017,248.96
272299473,03/04/2017,1936.35
887266478,27/03/2017,2168.76
557881681,04/12/2017,591.29
272299473,07/12/2017,2931.11
161994665,09/07/2017,164.82
481274889,20/08/2017,72.07
791873833,06/12/2017,1865.21
457951556,11/09/2017,1256.04
854636241,08/01/2018,2290.57
288608909,25/11/2017,1018.32
809365020,04/09/2017,2561.63
585216290,09/12/2017,1636.58
887266478,08/08/2017,1549.55
854636241,06/06/2017,120.34
854636241,17/10/2017,1885.98
272299473,01/06/2017,381.43
513645965,29/11/2017,488.96
272299473,09/06/2017,122.15
272299473,21/12/2017,2606.26
513645965,05/09/2017,2209.53
854636241,01/09/2017,561.92
623029452,29/05/2017,1347.22
481274889,28/11/2017,757.35
523645373,09/03/2018,768.83
513645965,12/11/2017,2638.24
203085935,01/10/2017,76.35
161994665,27/10/2017,1818.78
457951556,03/10/2017,2300.24
373633650,24/06/2017,907.52
585216290,24/09/2017,296.51
854636241,22/04/2017,891.92
225137144,02/06/2017,1548.35
373633650,11/03/2018,1098.39
203085935,18/03/2017,2214.76
485978392,27/02/2018,632.5
272299473,28/10/2017,1749.78
481274889,30/04/2017,2912.1
373633650,20/01/2018,1391.06
373633650,16/12/2017,2497.56
513645965,18/08/2017,574.81
887266478,20/04/2017,2257.71
623029452,03/07/2017,2129.69
481274889,15/09/2017,2331.28
231054185,23/07/2017,1168.08
231054185,09/12/2017,310.14
485978392,31/05/2017,2249.96
288608909,02/11/2017,495.33
523645373,08/07/2017,1384.41
623029452,08/05/2017,2547.38
887266478,29/07/2017,118.32
225137144,14/05/2017,2681.11
288608909,06/04/2017,656.73
272299473,21/01/2018,273.28
481274889,09/03/2018,1044.6
809365020,09/05/2017,705.99
523645373,16/08/2017,1314.45
557881681,24/01/2018,1102.32
373633650,04/11/2017,2973.32
457951556,10/11/2017,508.34
557881681,17/12/2017,1536.12
457951556,17/12/2017,2329.84
272299473,03/02/2018,555.7
203085935,30/03/2017,1875.94
272299473,06/01/2018,1434.78
887266478,25/12/2017,1058.08
373633650,22/01/2018,1922.68
513645965,19/06/2017,1166.15
272299473,27/09/2017,2922.21
557881681,28/05/2017,1539.07
231054185,10/03/2018,525.08
481274889,05/12/2017,2047.34
557881681,12/01/2018,2094.07
225137144,08/03/2018,993.37
272299473,01/02/2018,1209.28
623029452,15/09/2017,1896.32
887266478,07/10/2017,301.44
887266478,11/01/2018,1815.58
523645373,14/02/2018,759
231054185,28/10/2017,1115.62
847824314,11/01/2018,945.09
523645373,28/05/2017,1187.53
513645965,01/02/2018,960.5
161994665,16/12/2017,1110.62
523645373,24/09/2017,815.54
623029452,04/11/2017,1031.9
288608909,26/07/2017,1890.97
623029452,19/05/2017,1530.33
231054185,09/09/2017,2247.61
203085935,27/03/2017,679.77
225137144,12/01/2018,2596.08
373633650,25/10/2017,101.82
623029452,02/07/2017,602.47
809365020,15/06/2017,2165.99
231054185,21/04/2017,1977.63
623029452,21/09/2017,2853.44
457951556,08/02/2018,1563.99
513645965,02/04/2017,1947.81
809365020,09/12/2017,2235.95
225137144,18/12/2017,766.71
585216290,08/03/2018,1248.91
887266478,18/01/2018,893.43
513645965,29/03/2017,593.13
457951556,02/06/2017,1547.57
585216290,03/05/2017,2726.14
791873833,19/05/2017,1387.01
887266478,11/09/2017,1396.6
513645965,15/08/2017,2572.82
623029452,29/06/2017,1286.27
485978392,21/06/2017,91.84
161994665,19/04/2017,421.83
557881681,06/11/2017,2990.21
854636241,01/09/2017,756.43
161994665,04/06/2017,112.29
225137144,19/03/2017,2384.58
225137144,24/03/2017,2046.04
854636241,25/10/2017,1661.78
272299473,11/08/2017,810.46
373633650,27/08/2017,2274.63
557881681,26/05/2017,679.1
854636241,19/11/2017,2695.77
203085935,13/02/2018,2893.26
585216290,05/04/2017,419.43
161994665,11/07/2017,1969.45
854636241,06/09/2017,1477.43
791873833,10/01/2018,701.61
585216290,10/04/2017,882
288608909,11/12/2017,1992.84
854636241,05/08/2017,504.1
373633650,04/01/2018,1690.03
557881681,10/01/2018,680.44
887266478,22/10/2017,833.14
485978392,13/01/2018,69.34
557881681,22/08/2017,1778.4
887266478,15/04/2017,2970.32
288608909,19/06/2017,2802.37
225137144,03/12/2017,481.03
585216290,21/12/2017,2263.09
481274889,06/05/2017,2361.98
203085935,20/04/2017,371.44
623029452,13/11/2017,1967.07
791873833,01/06/2017,1509.05
557881681,27/01/2018,131.24
847824314,07/10/2017,258.17
272299473,14/01/2018,1333.12
623029452,15/12/2017,2104.8
809365020,24/04/2017,2596.9
457951556,25/07/2017,2686.53
887266478,23/02/2018,2009.98
513645965,05/02/2018,1320.78
513645965,05/12/2017,1853.3
225137144,30/01/2018,2416.86
585216290,19/08/2017,131.87
585216290,17/09/2017,69.94
485978392,15/01/2018,247.27
585216290,08/09/2017,376.12
373633650,25/01/2018,531.58
231054185,25/04/2017,1621.8
791873833,29/04/2017,882.16
161994665,17/07/2017,2802
623029452,16/02/2018,2368.86
161994665,08/08/2017,625.74
623029452,23/12/2017,352.06
585216290,07/12/2017,2363.76
225137144,27/11/2017,654.97
481274889,11/04/2017,1757.9
847824314,05/08/2017,1525.36
791873833,03/12/2017,2154.51
373633650,07/07/2017,1918.19
288608909,14/06/2017,412.4
523645373,02/07/2017,1462.64
457951556,22/09/2017,2298.3
161994665,09/12/2017,1972.41
523645373,20/11/2017,1569.66
485978392,10/12/2017,1809.75
513645965,09/04/2017,594.7
485978392,08/03/2018,360.81
557881681,08/10/2017,2889.32
809365020,19/11/2017,902.66
288608909,30/10/2017,126.1
485978392,25/12/2017,2340.26
231054185,17/12/2017,114.19
847824314,19/10/2017,2945.7
457951556,16/02/2018,2254.35
585216290,17/11/2017,1105.12
203085935,02/06/2017,1646.82
513645965,26/07/2017,2948
623029452,30/05/2017,1357.5
288608909,08/03/2018,449.06
161994665,31/03/2017,1480.02
225137144,14/05/2017,1503.53
272299473,20/05/2017,1102.77
585216290,02/06/2017,1450.59
847824314,09/11/2017,2628.45
791873833,19/09/2017,2701.95
513645965,20/10/2017,2558.95
481274889,25/10/2017,2804.47
809365020,06/11/2017,1034.1
809365020,27/05/2017,1200.6
513645965,26/03/2017,275.85
485978392,12/09/2017,470.05
854636241,17/10/2017,1696.86
161994665,23/01/2018,1213.28
225137144,08/06/2017,2094
288608909,26/04/2017,2244.55
481274889,01/06/2017,2705
457951556,24/07/2017,1326.2
373633650,21/02/2018,1177.89
272299473,28/05/2017,2489.42
288608909,28/02/2018,119.28
623029452,25/07/2017,2573.47
161994665,25/10/2017,912.98
854636241,05/08/2017,797.79
457951556,31/07/2017,492.54
809365020,28/06/2017,1638.16
373633650,24/09/2017,852.29
557881681,03/12/2017,1796.41
791873833,15/12/2017,2558.99
288608909,21/12/2017,1455.75
231054185,02/07/2017,2524.63
623029452,21/09/2017,299.81
887266478,13/02/2018,484.93
288608909,19/10/2017,839.04
847824314,19/11/2017,2945.25
791873833,07/10/2017,1618.68
623029452,11/06/2017,2400.88
457951556,04/09/2017,1255.74
623029452,16/08/2017,834.43
481274889,30/03/2017,2039.5
231054185,25/06/2017,2672.91
513645965,19/01/2018,178.37
513645965,08/12/2017,2864.54
288608909,21/06/2017,589.1
623029452,28/06/2017,277.47
809365020,17/11/2017,2468.1
485978392,18/06/2017,1032.3
887266478,24/05/2017,929.51
557881681,11/09/2017,2096.31
854636241,06/01/2018,191.35
225137144,06/02/2018,1385.79
791873833,28/10/2017,588.07
203085935,31/07/2017,1466.75
272299473,13/02/2018,1754.01
557881681,27/04/2017,787.36
272299473,12/08/2017,2654.31
457951556,18/10/2017,2230.68
791873833,17/11/2017,174.98
225137144,07/09/2017,224.36
809365020,21/07/2017,1805.44
557881681,27/07/2017,1560.71
481274889,15/09/2017,1914.11
225137144,29/06/2017,454.82
854636241,15/01/2018,56.28
457951556,03/05/2017,126.22
272299473,19/09/2017,2082.01
791873833,04/09/2017,455.63
523645373,27/04/2017,1010.03
513645965,20/02/2018,2086
847824314,08/01/2018,1274.42
854636241,07/01/2018,1435.26
288608909,30/08/2017,1276.14
485978392,03/08/2017,2551.29
288608909,22/02/2018,2846.16
485978392,20/11/2017,103.03
288608909,04/02/2018,1313.3
623029452,27/11/2017,972.48
288608909,01/06/2017,2351.5
288608909,19/05/2017,922.44
623029452,29/03/2017,602.81
847824314,06/09/2017,2904.28
513645965,09/05/2017,2173.08
203085935,11/10/2017,1539.03
887266478,31/12/2017,1070.62
272299473,05/09/2017,84.2
847824314,29/12/2017,2591.04
887266478,02/05/2017,162.05
623029452,24/08/2017,2702.03
225137144,31/08/2017,775.71
288608909,04/02/2018,2049.92
485978392,10/12/2017,599.16
481274889,11/07/2017,2377.69
523645373,30/03/2017,1748.94
557881681,13/07/2017,1986.69
203085935,07/08/2017,455.31
791873833,26/10/2017,1869.8
523645373,10/04/2017,2837.28
791873833,29/05/2017,1800.31
513645965,27/01/2018,2121
623029452,10/09/2017,450.19
585216290,15/12/2017,187.21
231054185,04/07/2017,1324.98
623029452,09/12/2017,2576.61
585216290,03/07/2017,1851.46
854636241,24/08/2017,2896.27
854636241,24/10/2017,2837.44
161994665,12/02/2018,2211.75
557881681,08/09/2017,1638.29
203085935,30/05/2017,2819.82
854636241,28/04/2017,1175.89
203085935,30/03/2017,192.3
887266478,07/01/2018,1345.98
557881681,02/11/2017,2481.53
887266478,26/12/2017,1674.46
373633650,26/09/2017,1829.25
485978392,23/04/2017,2846.64
585216290,17/03/2018,2666.73
809365020,17/02/2018,1505.3
231054185,05/10/2017,2015.19
585216290,10/04/2017,2146.51
523645373,23/10/2017,1675.45
809365020,05/05/2017,1719.36
288608909,16/05/2017,2661.36
457951556,07/06/2017,320.61
225137144,03/08/2017,729.35
513645965,20/01/2018,2509.69
887266478,25/12/2017,722.05
485978392,22/05/2017,1090.96
513645965,21/01/2018,1638.28
225137144,07/04/2017,2309.66
485978392,25/01/2018,2723.35
225137144,22/06/2017,2390.63
809365020,23/02/2018,208.55
161994665,22/11/2017,2450.89
847824314,09/05/2017,1418.65
847824314,17/07/2017,1902.87
225137144,11/11/2017,1708.4
288608909,08/08/2017,825.24
809365020,11/02/2018,261.19
887266478,08/05/2017,725.32
623029452,20/12/2017,1857.19
887266478,28/09/2017,2061.82
513645965,14/03/2018,448.39
485978392,23/02/2018,2880.74
623029452,08/04/2017,137.78
161994665,28/06/2017,2801.58
513645965,12/10/2017,720.66
809365020,21/02/2018,1323.69
481274889,22/08/2017,2347.48
887266478,20/08/2017,1874.25
481274889,28/09/2017,690.26
203085935,25/10/2017,1497.91
887266478,08/08/2017,1399.8
809365020,29/09/2017,218.38
161994665,21/05/2017,1431.87
481274889,21/03/2017,2565.2
809365020,05/04/2017,1554.87
457951556,13/03/2018,2558.46
523645373,25/08/2017,177.08
513645965,04/10/2017,1836.96
887266478,25/05/2017,1381.9
161994665,28/06/2017,335.42
373633650,27/09/2017,2565.49
854636241,03/05/2017,1971.46
481274889,03/04/2017,2600.53
225137144,12/12/2017,1800.21
485978392,10/11/2017,326.73
457951556,17/01/2018,831.08
457951556,12/09/2017,2866.98
231054185,23/04/2017,2370.87
887266478,25/06/2017,806.74
854636241,21/02/2018,1593.21
623029452,14/03/2018,1521.71
809365020,17/07/2017,425.61
513645965,02/09/2017,103.7
585216290,28/04/2017,324.72
231054185,02/06/2017,362.91
623029452,24/06/2017,2940.95
225137144,25/04/2017,63.39
809365020,11/12/2017,2940.75
203085935,16/06/2017,2286.52
231054185,03/11/2017,2038.53
373633650,28/12/2017,1775.72
791873833,20/05/2017,496.63
809365020,08/10/2017,701.77
485978392,19/06/2017,925.25
288608909,04/08/2017,922.19
585216290,10/06/2017,717.31
161994665,14/01/2018,658.01
854636241,07/09/2017,227.11
231054185,14/05/2017,432.05
557881681,31/05/2017,1758.74
585216290,05/10/2017,508.11
623029452,06/06/2017,548.58
203085935,24/05/2017,1954.12
481274889,10/03/2018,1852.48
485978392,15/01/2018,679.18
203085935,07/02/2018,2773.95
457951556,25/05/2017,798.89
513645965,13/06/2017,895.67
457951556,14/04/2017,2980.65
203085935,05/08/2017,1652.8
203085935,29/07/2017,115.74
809365020,25/02/2018,444.59
203085935,01/08/2017,528.62
847824314,29/10/2017,1696.43
373633650,06/07/2017,67.86
854636241,01/05/2017,2402.99
887266478,15/03/2018,287.51
513645965,06/04/2017,83.96
231054185,19/10/2017,942.14
288608909,18/02/2018,258.54
288608909,01/09/2017,1039.22
481274889,02/05/2017,1883.38
272299473,17/03/2018,2065.86
373633650,09/02/2018,480.83
854636241,15/01/2018,1830.8
809365020,18/07/2017,670.33
272299473,14/09/2017,852.48
523645373,02/04/2017,1052.79
847824314,10/09/2017,1397.36
272299473,12/11/2017,2903.32
225137144,10/06/2017,1903.45
585216290,14/04/2017,425.73
585216290,17/09/2017,2229.77
847824314,30/05/2017,2292.12
854636241,31/07/2017,835
513645965,11/09/2017,1256.29
485978392,09/09/2017,2420.24
809365020,16/11/2017,977.93
203085935,17/06/2017,2684.7
513645965,22/09/2017,1444.39
809365020,04/01/2018,897.34
847824314,30/10/2017,2480.82
585216290,05/04/2017,107.86
231054185,02/09/2017,1199.7
513645965,01/01/2018,301
557881681,03/01/2018,2706.95
585216290,24/09/2017,2193.32
288608909,02/07/2017,2804.77
231054185,22/05/2017,1700.28
585216290,05/05/2017,2750.54
791873833,25/05/2017,813.69
203085935,27/12/2017,1291.48
225137144,19/02/2018,569.34
231054185,17/01/2018,2183.99
225137144,15/11/2017,1250.85
485978392,23/04/2017,2882.68
288608909,25/10/2017,145.31
854636241,23/11/2017,2386.01
225137144,23/12/2017,296.49
225137144,30/10/2017,2495.9
231054185,17/04/2017,2723.82
203085935,06/12/2017,1121.84
272299473,20/05/2017,1720.41
373633650,23/05/2017,824.92
481274889,07/12/2017,231.06
485978392,14/10/2017,926.51
854636241,30/07/2017,2759.98
161994665,01/09/2017,2693.41
457951556,10/12/2017,1265.76
481274889,07/04/2017,2414.76
523645373,03/11/2017,939.89
513645965,02/06/2017,1786.58
847824314,02/11/2017,1836.89
485978392,16/02/2018,2299.4
523645373,23/07/2017,2725.72
557881681,05/07/2017,602.06
847824314,12/11/2017,1791.84
288608909,28/12/2017,2558.26
847824314,27/04/2017,1448.15
585216290,22/02/2018,624.33
203085935,31/07/2017,114.66
523645373,24/10/2017,2807.34
791873833,20/08/2017,520.24
231054185,03/05/2017,1077.58
485978392,08/09/2017,802.65
809365020,26/05/2017,482.13
272299473,07/02/2018,594.91
485978392,22/12/2017,306.99
513645965,02/02/2018,1843.95
585216290,17/03/2018,180.66
791873833,20/12/2017,804.06
161994665,21/12/2017,1700.89
225137144,06/07/2017,618.72
373633650,20/04/2017,2939.82
557881681,16/09/2017,2968.38
481274889,25/12/2017,1348.41
513645965,03/07/2017,1739.31
225137144,30/08/2017,306.53
161994665,11/08/2017,1529.53
847824314,19/04/2017,2152.7
481274889,30/01/2018,1997.95
481274889,04/12/2017,1815.32
854636241,13/02/2018,1085.55
481274889,29/08/2017,2159.35
585216290,21/08/2017,1090.48
887266478,25/03/2017,1138.96
847824314,29/08/2017,816.3
523645373,12/08/2017,2679.39
523645373,30/09/2017,1458.54
585216290,26/01/2018,2686.41
854636241,08/04/2017,2631.33
523645373,26/02/2018,2259.92
203085935,09/03/2018,2691.03
373633650,11/10/2017,73.8
373633650,21/02/2018,1917.31
585216290,10/08/2017,1712
847824314,24/06/2017,1926.3
623029452,05/11/2017,2083.78
623029452,04/07/2017,635.65
887266478,14/08/2017,2676.13
485978392,30/01/2018,2107.47
791873833,20/11/2017,2483.24
791873833,04/05/2017,1124.22
847824314,22/04/2017,536.32
887266478,25/03/2017,764.65
203085935,17/08/2017,384.75
623029452,16/04/2017,1639.55
481274889,01/06/2017,2909.74
847824314,13/11/2017,2704.47
854636241,26/08/2017,2193.8
231054185,23/08/2017,1240.87
288608909,04/10/2017,2562.15
854636241,23/09/2017,163.48
809365020,02/02/2018,2100.53
585216290,21/06/2017,1021.93
485978392,28/06/2017,289.46
513645965,28/02/2018,363.43
513645965,11/11/2017,1788.88
809365020,30/06/2017,1937.17
457951556,06/07/2017,59.54
231054185,05/04/2017,1880.59
457951556,15/11/2017,2887.03
585216290,12/12/2017,2251.89
288608909,18/08/2017,155.5
854636241,23/08/2017,496.13
272299473,29/04/2017,1529.51
161994665,07/08/2017,1368.29
485978392,05/06/2017,736.24
623029452,02/03/2018,336.54
513645965,02/10/2017,751.59
847824314,29/07/2017,1435.31
288608909,03/05/2017,371.8
457951556,04/01/2018,922.33
887266478,09/09/2017,1494.7
585216290,22/01/2018,1237.18
231054185,10/12/2017,2099.16
288608909,12/09/2017,908.86
231054185,22/11/2017,360.52
231054185,28/11/2017,1923.56
791873833,20/03/2017,2478.39
485978392,19/06/2017,343.28
457951556,16/04/2017,1647.14
791873833,11/05/2017,2566.93
791873833,09/06/2017,819.34
854636241,21/06/2017,1485.92
557881681,19/12/2017,1895.69
854636241,06/02/2018,544.94
288608909,31/03/2017,2389.46
847824314,05/04/2017,1742.87
288608909,06/01/2018,2015.81
557881681,10/02/2018,2841.15
854636241,11/07/2017,2934.68
523645373,11/01/2018,2952.58
457951556,11/04/2017,2602.89
523645373,19/11/2017,1379.24
373633650,02/11/2017,2927.13
523645373,20/09/2017,1110.49
203085935,17/07/2017,206.89
847824314,13/02/2018,557.28
887266478,29/05/2017,1920.66
513645965,08/05/2017,1326.36
225137144,02/01/2018,133.42
623029452,21/12/2017,1740.96
481274889,10/01/2018,1664.08
854636241,31/01/2018,791.15
791873833,07/03/2018,2328.46
161994665,16/03/2018,170.18
288608909,08/10/2017,828
854636241,11/01/2018,479
791873833,02/07/2017,2843.99
791873833,31/05/2017,1975.99
854636241,21/06/2017,1932.11
557881681,11/08/2017,1113.59
481274889,27/03/2017,2745.29
854636241,12/08/2017,920.61
373633650,29/11/2017,1888.23
161994665,26/08/2017,1941.13
854636241,24/02/2018,1165.52
523645373,15/04/2017,1486.1
457951556,13/04/2017,1881.88
203085935,12/01/2018,2141.21
523645373,11/07/2017,206.23
288608909,26/05/2017,1194.59
225137144,07/12/2017,2613.8
373633650,28/09/2017,2293.27
791873833,14/11/2017,1347.86
847824314,26/12/2017,2408.28
513645965,31/10/2017,1194.43
481274889,15/09/2017,1606.9
513645965,24/09/2017,370.86
585216290,11/04/2017,362.75
225137144,28/11/2017,1788.5
791873833,07/11/2017,2467.97
523645373,14/12/2017,1874.11
288608909,23/10/2017,1695.37
373633650,13/01/2018,2105.97
557881681,13/12/2017,970.08
373633650,11/02/2018,1261.19
161994665,05/07/2017,1724.11
203085935,17/09/2017,2207.75
457951556,25/11/2017,2314.28
225137144,17/03/2018,1207
854636241,04/05/2017,1321.51
225137144,01/10/2017,2999.34
203085935,19/09/2017,883.43
791873833,03/06/2017,539.68
791873833,08/12/2017,2228.38
231054185,17/01/2018,637.42
481274889,11/07/2017,2824.12
161994665,07/12/2017,756.39
809365020,15/12/2017,2887.52
225137144,28/03/2017,1356.66
457951556,05/09/2017,138.12
457951556,03/04/2017,2894.83
623029452,30/10/2017,2799.16
225137144,16/05/2017,2245.94
854636241,02/08/2017,630.82
523645373,17/06/2017,416.62
854636241,19/06/2017,1299.56
585216290,24/02/2018,2390.72
225137144,16/02/2018,2260.53
887266478,31/08/2017,1691.6
485978392,29/12/2017,2580.94
485978392,20/09/2017,1006.67
557881681,13/07/2017,1959.54
809365020,12/07/2017,1180.18
557881681,03/02/2018,584.53
585216290,23/03/2017,605.39
481274889,03/07/2017,547.34
481274889,11/02/2018,1746.21
231054185,02/06/2017,1661.7
485978392,15/08/2017,1989.28
231054185,21/03/2017,1523.39
457951556,22/07/2017,911.97
557881681,08/07/2017,263.23
623029452,13/06/2017,2245.36
557881681,18/01/2018,1960.32
623029452,17/10/2017,1576.01
161994665,22/01/2018,1596.74
272299473,07/09/2017,1884.91
457951556,28/03/2017,1014.28
373633650,11/03/2018,2235.88
225137144,11/07/2017,145.99
854636241,28/11/2017,2302.05
557881681,29/04/2017,900.03
288608909,06/11/2017,1748.65
481274889,11/01/2018,2457.07
513645965,21/02/2018,247.34
513645965,10/06/2017,2796.3
791873833,31/08/2017,1458
854636241,12/02/2018,1624.8
231054185,25/07/2017,393.16
585216290,02/09/2017,1175.42
854636241,21/03/2017,2818.57
485978392,29/03/2017,1744.04
585216290,14/02/2018,279.87
272299473,24/03/2017,1304.7
585216290,17/03/2018,1086.36
513645965,19/03/2017,1411.27
887266478,12/07/2017,813.95
557881681,15/05/2017,1070.83
231054185,20/07/2017,717.18
557881681,30/11/2017,1282.77
288608909,21/04/2017,1558.58
854636241,12/04/2017,2877.37
623029452,19/06/2017,2203.58
847824314,10/10/2017,70.44
523645373,18/05/2017,2158.12
585216290,01/01/2018,1584.13
557881681,13/04/2017,61.9
288608909,10/12/2017,1710.19
854636241,25/05/2017,1851.34
585216290,28/07/2017,2202.66
847824314,06/08/2017,275.45
457951556,30/09/2017,75.65
231054185,03/07/2017,602.4
513645965,18/01/2018,2495.44
485978392,06/08/2017,2955.99
288608909,09/11/2017,143.98
513645965,25/01/2018,190.65
481274889,15/07/2017,1123.03
854636241,19/09/2017,2068.27
272299473,23/05/2017,102.6
623029452,25/08/2017,713.24
523645373,20/04/2017,556.84
847824314,17/09/2017,943.14
288608909,22/12/2017,796.08
557881681,18/08/2017,1916.65
585216290,20/11/2017,218.72
457951556,17/01/2018,1391.54
523645373,22/12/2017,1595.62
485978392,04/02/2018,623.44
623029452,29/12/2017,2097.16
231054185,02/11/2017,615.5
288608909,12/10/2017,509.85
557881681,22/09/2017,1568.01
373633650,14/06/2017,2948.47
585216290,04/08/2017,2312.7
288608909,18/10/2017,1201.62
272299473,14/05/2017,508.45
203085935,09/08/2017,1795.97
791873833,14/05/2017,1895.37
809365020,10/11/2017,623.89
557881681,12/01/2018,1088.78
231054185,06/05/2017,2493.67
373633650,11/07/2017,2960.41
272299473,12/10/2017,1510.5
557881681,07/12/2017,465.31
523645373,12/06/2017,2737.87
272299473,15/01/2018,1553.87
887266478,25/07/2017,326.37
557881681,22/05/2017,2421.52
203085935,31/01/2018,1947.03
481274889,23/05/2017,1911.68
513645965,15/02/2018,251.36
847824314,29/11/2017,1215.21
523645373,08/11/2017,500.94
457951556,08/02/2018,340.74
481274889,03/08/2017,756.74
854636241,22/03/2017,809.68
203085935,09/02/2018,1008.26
523645373,14/11/2017,2072.1
373633650,28/08/2017,2645.24
557881681,06/01/2018,574.52
161994665,27/10/2017,1740.24
288608909,06/07/2017,592.7
272299473,25/02/2018,943.57
623029452,24/07/2017,632.12
791873833,07/10/2017,2753.58
623029452,11/01/2018,808.75
523645373,04/04/2017,1721.31
513645965,16/07/2017,2681.19
847824314,04/11/2017,634.46
557881681,02/02/2018,1752.36
809365020,18/07/2017,1442.96
225137144,29/04/2017,1285.3
809365020,04/04/2017,691.93
557881681,03/01/2018,1618.62
791873833,18/04/2017,1918.03
623029452,16/01/2018,1020.12
481274889,11/09/2017,1500.68
523645373,19/11/2017,2622.09
485978392,04/01/2018,833.45
373633650,13/05/2017,2534.45
523645373,18/02/2018,1822.15
523645373,15/04/2017,1062.13
373633650,27/06/2017,1812.62
481274889,23/10/2017,162.89
847824314,02/01/2018,99.85
457951556,26/04/2017,747.97
791873833,15/06/2017,461.86
513645965,10/05/2017,1737.55
513645965,04/01/2018,188.13
481274889,12/04/2017,995.52
481274889,04/12/2017,494.29
557881681,27/01/2018,1922.38
288608909,17/11/2017,2712.68
203085935,19/08/2017,1767.97
513645965,16/12/2017,983.8
373633650,29/10/2017,1119.39
791873833,06/01/2018,1210.06
585216290,14/06/2017,263.84
557881681,01/10/2017,1495.74
225137144,17/07/2017,934.09
288608909,12/09/2017,571.14
623029452,11/10/2017,1436.89
225137144,02/11/2017,1662.4
203085935,14/01/2018,208.66
485978392,06/09/2017,1674.61
523645373,28/11/2017,1316.23
887266478,01/11/2017,143.69
557881681,18/12/2017,899.66
373633650,13/12/2017,2283.28
854636241,10/03/2018,2955.27
373633650,05/01/2018,2845.22
847824314,05/11/2017,752.42
225137144,28/02/2018,2209.87
623029452,14/04/2017,2293.96
513645965,14/04/2017,389.16
203085935,06/01/2018,1768.57
485978392,04/04/2017,1093.09
557881681,26/01/2018,1492.87
203085935,15/03/2018,349.14
623029452,29/12/2017,1224.38
791873833,01/07/2017,149.77
585216290,19/06/2017,2121.12
373633650,22/06/2017,2991.98
231054185,28/04/2017,1868.3
203085935,13/10/2017,793.94
854636241,25/12/2017,809.28
809365020,04/05/2017,542.19
272299473,03/11/2017,1335.96
557881681,26/04/2017,2351.89
373633650,25/06/2017,644.81
272299473,29/03/2017,2110.34
557881681,07/04/2017,425.22
457951556,14/01/2018,697.54
513645965,27/03/2017,1218.27
847824314,23/08/2017,2235.63
203085935,31/12/2017,2111.36
231054185,07/01/2018,1579.61
288608909,01/07/2017,1414.43
481274889,20/09/2017,2317.36
523645373,03/11/2017,2935.61
791873833,25/06/2017,163.42
231054185,22/02/2018,2034.25
203085935,06/09/2017,612.53
272299473,31/10/2017,2162.5
887266478,16/08/2017,1755.19
557881681,26/06/2017,2022.78
585216290,14/12/2017,2367.93
481274889,16/08/2017,239.25
161994665,10/05/2017,1478.39
585216290,01/03/2018,1849.52
887266478,02/09/2017,1809.62
373633650,03/01/2018,1980.64
485978392,23/11/2017,1558.03
513645965,02/09/2017,1188.99
225137144,31/01/2018,1178.1
481274889,31/03/2017,2529.45
288608909,29/07/2017,1251.86
513645965,12/05/2017,2435.25
481274889,05/12/2017,1371.49
809365020,02/04/2017,436.16
481274889,19/12/2017,2843.61
373633650,12/07/2017,2505.63
225137144,17/10/2017,2123.02
481274889,12/06/2017,856.55
585216290,17/05/2017,1387.58
791873833,15/04/2017,113.12
